Employee_Name,EmpID,MarriedID,MaritalStatusID,GenderID,EmpStatusID,DeptID,PerfScoreID,FromDiversityJobFairID,Salary,Termd,PositionID,Position,State,Zip,DOB,Sex,MaritalDesc,CitizenDesc,HispanicLatino,RaceDesc,DateofHire,DateofTermination,TermReason,EmploymentStatus,Department,ManagerName,ManagerID,RecruitmentSource,PerformanceScore,EngagementSurvey,EmpSatisfaction,SpecialProjectsCount,LastPerformanceReview_Date,DaysLateLast30,Absences,Age,Tenure
"Adinolfi, Wilson  K",10026,0,0,1,1,5,4,0,62506,0,19,Production Technician I,MA,1960,1983-07-10,M ,Single,US Citizen,No,White,2011-07-05,,N/A-StillEmployed,Active,Production       ,Michael Albert,22.0,LinkedIn,Exceeds,4.6,5,0,2019-01-17,0,1,41.05681040383299,13.070499657768652
"Ait Sidi, Karthikeyan   ",10084,1,1,1,5,3,3,0,104437,1,27,Sr. DBA,MA,2148,1975-05-05,M ,Married,US Citizen,No,White,2015-03-30,2016-06-16,career change,Voluntarily Terminated,IT/IS,Simon Roup,4.0,Indeed,Fully Meets,4.96,3,6,2016-02-24,0,17,49.23750855578371,9.336071184120465
"Akinkuolie, Sarah",10196,1,1,0,5,5,3,0,64955,1,20,Production Technician II,MA,1810,1988-09-19,F,Married,US Citizen,No,White,2011-07-05,2012-09-24,hours,Voluntarily Terminated,Production       ,Kissy Sullivan,20.0,LinkedIn,Fully Meets,3.02,3,0,2012-05-15,0,3,35.860369609856264,13.070499657768652
"Alagbe,Trina",10088,1,1,0,1,5,3,0,64991,0,19,Production Technician I,MA,1886,1988-09-27,F,Married,US Citizen,No,White,2008-01-07,,N/A-StillEmployed,Active,Production       ,Elijiah Gray,16.0,Indeed,Fully Meets,4.84,5,0,2019-01-03,0,15,35.83846680355921,16.56125941136208
"Anderson, Carol ",10069,0,2,0,5,5,3,0,50825,1,19,Production Technician I,MA,2169,1989-09-08,F,Divorced,US Citizen,No,White,2011-07-11,2016-09-06,return to school,Voluntarily Terminated,Production       ,Webster Butler,39.0,Google Search,Fully Meets,5.0,4,0,2016-02-01,0,2,34.8911704312115,13.05407255304586
"Anderson, Linda  ",10002,0,0,0,1,5,4,0,57568,0,19,Production Technician I,MA,1844,1977-05-22,F,Single,US Citizen,No,White,2012-01-09,,N/A-StillEmployed,Active,Production       ,Amy Dunn,11.0,LinkedIn,Exceeds,5.0,5,0,2019-01-07,0,15,47.1895961670089,12.555783709787816
"Andreola, Colby",10194,0,0,0,1,4,3,0,95660,0,24,Software Engineer,MA,2110,1979-05-24,F,Single,US Citizen,No,White,2014-11-10,,N/A-StillEmployed,Active,Software Engineering,Alex Sweetwater,10.0,LinkedIn,Fully Meets,3.04,3,4,2019-01-02,0,19,45.1854893908282,9.71937029431896
"Athwal, Sam",10062,0,4,1,1,5,3,0,59365,0,19,Production Technician I,MA,2199,1983-02-18,M ,Widowed,US Citizen,No,White,2013-09-30,,N/A-StillEmployed,Active,Production       ,Ketsia Liebig,19.0,Employee Referral,Fully Meets,5.0,4,0,2019-02-25,0,19,41.445585215605746,10.830937713894592
,,,,,,,,,,,,,,,,,,,,,,,,,,,,,,,,,,,,,
"Bacong, Alejandro ",10250,0,2,1,1,3,3,0,50178,0,14,IT Support,MA,1886,1988-01-07,M ,Divorced,US Citizen,No,White,2015-01-05,,N/A-StillEmployed,Active,IT/IS,Peter Monroe,7.0,Indeed,Fully Meets,5.0,5,6,2019-02-18,0,16,36.56125941136208,9.566050650239562
"Baczenski, Rachael  ",10252,1,1,0,5,5,3,1,54670,1,19,Production Technician I,MA,1902,1974-01-12,F,Married,US Citizen,Yes,Black Or African American,2011-01-10,2017-01-12,Another position,Voluntarily Terminated,Production       ,David Stanley,14.0,Diversity Job Fair,Fully Meets,4.2,4,0,2016-01-30,0,12,50.54620123203286,13.552361396303901
"Barbara, Thomas",10242,1,1,1,5,5,3,1,47211,1,19,Production Technician I,MA,2062,1974-02-21,M ,Married,US Citizen,Yes,Black Or African American,2012-04-02,2016-09-19,unhappy,Voluntarily Terminated,Production       ,Kissy Sullivan,20.0,Diversity Job Fair,Fully Meets,4.2,3,0,2016-05-06,0,15,50.43668720054757,12.32580424366872
"Barbossa, Hector",10012,0,2,1,1,3,4,1,92328,0,9,Data Analyst,TX,78230,1988-07-04,M ,Divorced,US Citizen,No,Black Or African American,2014-11-10,,N/A-StillEmployed,Active,IT/IS,Simon Roup,4.0,Diversity Job Fair,Exceeds,4.28,4,5,2019-02-25,0,9,36.07118412046543,9.71937029431896
"Barone, Francesco  A",10265,0,0,1,1,5,3,0,58709,0,19,Production Technician I,MA,1810,1983-07-20,M ,Single,US Citizen,No,Two Or More Races,2012-02-20,,N/A-StillEmployed,Active,Production       ,Kelley Spirea,18.0,Google Search,Fully Meets,4.6,4,0,2019-02-14,0,7,41.02943189596167,12.44079397672827
"Barton, Nader",10066,0,2,1,5,5,3,0,52505,1,19,Production Technician I,MA,2747,1977-07-15,M ,Divorced,US Citizen,No,White,2012-09-24,2017-04-06,Another position,Voluntarily Terminated,Production       ,Michael Albert,22.0,On-line Web application,Fully Meets,5.0,5,0,2017-03-02,0,1,47.04175222450377,11.846680355920602
"Bates, Norman",10061,0,0,1,4,5,3,0,57834,1,19,Production Technician I,MA,2050,1981-10-18,M ,Single,US Citizen,No,White,2011-02-21,2017-08-04,attendance,Terminated for Cause,Production       ,Kelley Spirea,18.0,Google Search,Fully Meets,5.0,4,0,2017-04-05,0,20,42.78165639972622,13.437371663244353
,,,,,,,,,,,,,,,,,,,,,,,,,,,,,,,,,,,,,
,,,,,,,,,,,,,,,,,,,,,,,,,,,,,,,,,,,,,
"Becker, Renee",10245,0,0,0,4,3,3,0,110000,1,8,Database Administrator,MA,2026,1986-04-04,F,Single,US Citizen,Yes,White,2014-07-07,2015-09-12,performance,Terminated for Cause,IT/IS,Simon Roup,4.0,Google Search,Fully Meets,4.5,4,5,2015-01-15,0,8,38.32169746748802,10.064339493497604
"Becker, Scott",10277,0,0,1,3,5,3,0,53250,0,19,Production Technician I,MA,2452,1979-04-06,M ,Single,US Citizen,No,Asian,2013-07-08,,N/A-StillEmployed,Active,Production       ,Webster Butler,-1.0,LinkedIn,Fully Meets,4.2,4,0,2019-01-11,0,13,45.31690622861054,11.06091718001369
,,,,,,,,,,,,,,,,,,,,,,,,,,,,,,,,,,,,,
,,,,,,,,,,,,,,,,,,,,,,,,,,,,,,,,,,,,,
"Billis, Helen",10003,1,1,0,1,5,4,0,62910,0,19,Production Technician I,MA,2031,1989-09-01,F,Married,US Citizen,No,White,2014-07-07,,N/A-StillEmployed,Active,Production       ,Brannon Miller,12.0,Indeed,Exceeds,5.0,3,0,2019-02-27,0,19,34.91033538672142,10.064339493497604
"Blount, Dianna",10294,0,0,0,1,5,2,0,66441,0,20,Production Technician II,MA,2171,1990-09-21,F,Single,US Citizen,No,White,2011-04-04,,N/A-StillEmployed,Active,Production       ,Michael Albert,22.0,CareerBuilder,Needs Improvement,2.0,3,0,2019-02-27,2,3,33.856262833675565,13.322381930184806
,,,,,,,,,,,,,,,,,,,,,,,,,,,,,,,,,,,,,
,,,,,,,,,,,,,,,,,,,,,,,,,,,,,,,,,,,,,
"Boutwell, Bonalyn",10081,1,1,0,1,1,3,1,106367,0,26,Sr. Accountant,MA,2468,1987-04-04,F,Married,US Citizen,No,Black Or African American,2015-02-16,,N/A-StillEmployed,Active,Admin Offices,Brandon R. LeBlanc,3.0,Diversity Job Fair,Fully Meets,5.0,4,3,2019-02-18,0,4,37.322381930184804,9.451060917180014
,,,,,,,,,,,,,,,,,,,,,,,,,,,,,,,,,,,,,
"Brill, Donna",10177,1,1,0,5,5,3,0,53492,1,19,Production Technician I,MA,1701,1990-08-24,F,Married,US Citizen,No,White,2012-04-02,2013-06-15,Another position,Voluntarily Terminated,Production       ,David Stanley,14.0,Google Search,Fully Meets,3.35,4,0,2013-03-04,0,6,33.93292265571527,12.32580424366872
"Brown, Mia",10238,1,1,0,1,1,3,1,63000,0,1,Accountant I,MA,1450,1987-11-24,F,Married,US Citizen,No,Black Or African American,2008-10-27,,N/A-StillEmployed,Active,Admin Offices,Brandon R. LeBlanc,1.0,Diversity Job Fair,Fully Meets,4.5,2,6,2019-01-15,0,14,36.681724845995895,15.756331279945243
"Buccheri, Joseph  ",10184,0,0,1,1,5,3,0,65288,0,20,Production Technician II,MA,1013,1983-07-28,M ,Single,US Citizen,No,White,2014-09-29,,N/A-StillEmployed,Active,Production       ,Webster Butler,-1.0,Google Search,Fully Meets,3.19,3,0,2019-02-01,0,9,41.007529089664615,9.834360027378509
,,,,,,,,,,,,,,,,,,,,,,,,,,,,,,,,,,,,,
,,,,,,,,,,,,,,,,,,,,,,,,,,,,,,,,,,,,,
"Burke, Joelle",10107,0,0,0,1,5,3,0,63763,0,20,Production Technician II,MA,2148,1980-03-02,F,Single,US Citizen,No,Black Or African American,2012-03-05,,N/A-StillEmployed,Active,Production       ,Amy Dunn,11.0,Employee Referral,Fully Meets,4.51,4,0,2019-02-21,0,3,44.41067761806981,12.402464065708418
"Burkett, Benjamin ",10181,1,1,1,1,5,3,0,62162,0,20,Production Technician II,MA,1890,1977-08-19,M ,Married,US Citizen,No,White,2011-04-04,,N/A-StillEmployed,Active,Production       ,Ketsia Liebig,19.0,Indeed,Fully Meets,3.25,5,0,2019-01-14,0,15,46.945927446954144,13.322381930184806
,,,,,,,,,,,,,,,,,,,,,,,,,,,,,,,,,,,,,
"Candie, Calvin",10001,0,0,1,1,5,4,0,72640,0,18,Production Manager,MA,2169,1983-08-09,M ,Single,US Citizen,No,White,2016-01-28,,N/A-StillEmployed,Active,Production       ,Janet King,2.0,Indeed,Exceeds,5.0,3,0,2019-02-22,0,14,40.97467488021903,8.503764544832306
"Carabbio, Judith",10085,0,0,0,1,4,3,0,93396,0,24,Software Engineer,MA,2132,1987-04-05,F,Single,US Citizen,No,White,2013-11-11,,N/A-StillEmployed,Active,Software Engineering,Alex Sweetwater,10.0,Indeed,Fully Meets,4.96,4,6,2019-01-30,0,3,37.319644079397676,10.715947980835045
"Carey, Michael  ",10115,0,0,1,1,5,3,0,52846,0,19,Production Technician I,MA,1701,1983-02-02,M ,Single,US Citizen,No,Black Or African American,2014-03-31,,N/A-StillEmployed,Active,Production       ,Kelley Spirea,18.0,LinkedIn,Fully Meets,4.43,3,0,2019-02-01,0,14,41.489390828199866,10.33264887063655
"Carr, Claudia  N",10082,0,0,0,2,3,3,0,100031,0,27,Sr. DBA,MA,1886,1986-06-06,F,Single,US Citizen,No,Black Or African American,2016-06-30,,N/A-StillEmployed,Active,IT/IS,Simon Roup,4.0,LinkedIn,Fully Meets,5.0,5,6,2019-02-18,0,7,38.1492128678987,8.082135523613964
,,,,,,,,,,,,,,,,,,,,,,,,,,,,,,,,,,,,,
,,,,,,,,,,,,,,,,,,,,,,,,,,,,,,,,,,,,,
,,,,,,,,,,,,,,,,,,,,,,,,,,,,,,,,,,,,,
"Chan, Lin",10210,0,0,0,1,5,3,0,54237,0,19,Production Technician I,MA,2170,1979-02-12,F,Single,US Citizen,No,White,2014-05-12,,N/A-StillEmployed,Active,Production       ,Elijiah Gray,16.0,Indeed,Fully Meets,3.3,4,0,2019-02-19,0,11,45.46201232032854,10.217659137577002
"Chang, Donovan  E",10154,0,0,1,1,5,3,0,60380,0,19,Production Technician I,MA,1845,1983-08-24,M ,Single,US Citizen,No,White,2013-07-08,,N/A-StillEmployed,Active,Production       ,Webster Butler,-1.0,LinkedIn,Fully Meets,3.8,5,0,2019-01-14,0,4,40.93360711841205,11.06091718001369
,,,,,,,,,,,,,,,,,,,,,,,,,,,,,,,,,,,,,
"Chivukula, Enola",10240,0,0,0,5,5,3,0,64786,1,19,Production Technician I,MA,1775,1983-08-27,F,Single,US Citizen,No,White,2011-06-27,2015-11-15,relocation out of area,Voluntarily Terminated,Production       ,Amy Dunn,11.0,Indeed,Fully Meets,4.3,4,0,2015-03-10,0,3,40.92539356605065,13.092402464065708
"Cierpiszewski, Caroline  ",10168,0,0,0,1,5,3,0,64816,0,19,Production Technician I,MA,2044,1988-05-31,F,Single,Non-Citizen,No,Black Or African American,2011-10-03,,N/A-StillEmployed,Active,Production       ,Ketsia Liebig,19.0,Indeed,Fully Meets,3.58,5,0,2019-01-30,0,3,36.16427104722793,12.824093086926762
"Clayton, Rick",10220,0,0,1,1,3,3,0,68678,0,14,IT Support,MA,2170,1985-09-05,M ,Single,US Citizen,No,White,2012-09-05,,N/A-StillEmployed,Active,IT/IS,Eric Dougall,6.0,Indeed,Fully Meets,4.7,3,6,2019-02-27,0,2,38.899383983572896,11.898699520876113
"Cloninger, Jennifer",10275,1,1,0,5,5,3,0,64066,1,20,Production Technician II,MA,1752,1981-08-31,F,Married,US Citizen,No,White,2011-05-16,2013-01-07,unhappy,Voluntarily Terminated,Production       ,Brannon Miller,12.0,Google Search,Fully Meets,4.2,5,0,2012-05-03,0,9,42.913073237508556,13.207392197125257
"Close, Phil",10269,1,1,1,5,5,3,0,59369,1,20,Production Technician II,MA,2169,1978-11-25,M ,Married,US Citizen,No,White,2010-08-30,2011-09-26,career change,Voluntarily Terminated,Production       ,David Stanley,14.0,Indeed,Fully Meets,4.2,4,0,2011-05-04,0,6,45.67830253251198,13.91649555099247
"Clukey, Elijian",10029,1,1,1,2,5,4,0,50373,0,19,Production Technician I,MA,2134,1980-08-26,M ,Married,US Citizen,No,White,2016-07-06,,N/A-StillEmployed,Active,Production       ,Brannon Miller,12.0,Employee Referral,Exceeds,4.1,4,0,2019-02-28,0,5,43.92607802874743,8.06570841889117
"Cockel, James",10261,0,0,1,1,5,3,0,63108,0,19,Production Technician I,MA,2452,1977-09-08,M ,Single,US Citizen,No,White,2013-07-08,,N/A-StillEmployed,Active,Production       ,David Stanley,14.0,Employee Referral,Fully Meets,4.4,5,0,2019-01-14,0,3,46.8911704312115,11.06091718001369
"Cole, Spencer",10292,0,0,1,4,5,2,0,59144,1,19,Production Technician I,MA,1880,1979-08-12,M ,Single,US Citizen,No,Black Or African American,2011-07-11,2016-09-23,performance,Terminated for Cause,Production       ,Kissy Sullivan,20.0,LinkedIn,Needs Improvement,2.0,3,0,2016-05-01,5,16,44.96646132785763,13.05407255304586
"Corleone, Michael",10282,0,2,1,1,5,2,0,68051,0,18,Production Manager,MA,1803,1975-12-17,M ,Divorced,US Citizen,No,White,2010-07-20,,N/A-StillEmployed,Active,Production       ,Janet King,2.0,CareerBuilder,Needs Improvement,4.13,2,0,2019-01-14,3,3,48.61875427789185,14.028747433264886
"Corleone, Vito",10019,0,0,1,1,5,4,0,170500,0,10,Director of Operations,MA,2030,1983-03-19,M ,Single,US Citizen,No,Black Or African American,2009-01-05,,N/A-StillEmployed,Active,Production       ,Janet King,2.0,Indeed,Exceeds,3.7,5,0,2019-02-04,0,15,41.36618754277892,15.564681724845997
"Cornett, Lisa ",10094,1,1,0,1,5,3,0,63381,0,19,Production Technician I,MA,2189,1977-03-31,F,Married,US Citizen,Yes,White,2015-01-05,,N/A-StillEmployed,Active,Production       ,Kelley Spirea,18.0,Indeed,Fully Meets,4.73,5,0,2019-02-14,0,6,47.331964407939765,9.566050650239562
"Costello, Frank",10193,1,1,1,1,3,3,0,83552,0,9,Data Analyst,MA,1810,1986-08-26,M ,Married,US Citizen,No,White,2015-03-30,,N/A-StillEmployed,Active,IT/IS,Simon Roup,4.0,Indeed,Fully Meets,3.04,3,6,2019-01-22,0,2,37.927446954141,9.336071184120465
"Crimmings,   Jean",10132,0,0,0,2,5,3,0,56149,0,19,Production Technician I,MA,1821,1987-04-10,F,Single,US Citizen,No,White,2016-07-06,,N/A-StillEmployed,Active,Production       ,Michael Albert,22.0,LinkedIn,Fully Meets,4.12,5,0,2019-01-28,0,15,37.30595482546201,8.06570841889117
,,,,,,,,,,,,,,,,,,,,,,,,,,,,,,,,,,,,,
"Daneault, Lynn",10099,0,0,0,1,6,3,0,65729,0,21,Sales Manager,VT,5473,1990-04-19,F,Single,US Citizen,No,White,2014-05-05,,N/A-StillEmployed,Active,Sales,Debra Houlihan,15.0,Indeed,Fully Meets,4.62,4,0,2019-01-24,0,8,34.280629705681044,10.236824093086927
,,,,,,,,,,,,,,,,,,,,,,,,,,,,,,,,,,,,,
"Darson, Jene'ya ",10056,1,1,0,1,5,3,0,57583,0,19,Production Technician I,MA,2110,1978-11-05,F,Married,US Citizen,No,White,2012-07-02,,N/A-StillEmployed,Active,Production       ,Elijiah Gray,16.0,Indeed,Fully Meets,5.0,3,0,2019-02-25,0,1,45.73305954825462,12.0766598220397
"Davis, Daniel",10143,0,0,1,1,5,3,0,56294,0,20,Production Technician II,MA,2458,1979-09-14,M ,Single,Eligible NonCitizen,No,Two Or More Races,2011-11-07,,N/A-StillEmployed,Active,Production       ,Kissy Sullivan,20.0,LinkedIn,Fully Meets,3.96,4,0,2019-02-27,0,6,44.876112251882276,12.728268309377139
"Dee, Randy",10311,1,1,1,1,6,1,0,56991,0,19,Production Technician I,MA,2138,1988-04-15,M ,Married,US Citizen,No,White,2018-07-09,,N/A-StillEmployed,Active,Production       ,Brannon Miller,12.0,Indeed,Fully Meets,4.3,4,3,2019-01-31,2,2,36.290212183436005,6.05886379192334
"DeGweck,  James",10070,1,1,1,5,5,3,0,55722,1,19,Production Technician I,MA,1810,1977-10-31,M ,Married,US Citizen,No,White,2011-05-16,2016-06-08,unhappy,Voluntarily Terminated,Production       ,Webster Butler,39.0,Indeed,Fully Meets,5.0,4,0,2016-04-02,0,14,46.7460643394935,13.207392197125257
"Del Bosque, Keyla",10155,0,0,0,1,4,3,0,101199,0,24,Software Engineer,MA,2176,1979-07-05,F,Single,US Citizen,No,Black Or African American,2012-01-09,,N/A-StillEmployed,Active,Software Engineering,Alex Sweetwater,10.0,CareerBuilder,Fully Meets,3.79,5,5,2019-01-25,0,8,45.07049965776865,12.555783709787816
"Delarge, Alex",10306,0,0,1,1,6,1,0,61568,0,3,Area Sales Manager,AL,36006,1975-11-02,M ,Single,US Citizen,No,Two Or More Races,2014-09-29,,N/A-StillEmployed,Active,Sales,John Smith,17.0,Indeed,PIP,1.93,3,0,2019-01-30,6,5,48.7419575633128,9.834360027378509
,,,,,,,,,,,,,,,,,,,,,,,,,,,,,,,,,,,,,
,,,,,,,,,,,,,,,,,,,,,,,,,,,,,,,,,,,,,
"DeVito, Tommy",10197,0,0,1,1,3,3,0,96820,0,4,BI Developer,MA,2045,1983-09-04,M ,Single,US Citizen,No,White,2017-02-15,,N/A-StillEmployed,Active,IT/IS,Brian Champaigne,13.0,Indeed,Fully Meets,3.01,5,7,2019-01-23,0,15,40.903490759753595,7.452429842573579
"Dickinson, Geoff ",10276,0,0,1,1,5,3,0,51259,0,19,Production Technician I,MA,2180,1982-11-15,M ,Single,US Citizen,No,White,2014-05-12,,N/A-StillEmployed,Active,Production       ,Ketsia Liebig,19.0,Indeed,Fully Meets,4.3,4,0,2019-02-19,0,1,41.7056810403833,10.217659137577002
"Dietrich, Jenna  ",10304,0,0,0,1,6,1,0,59231,0,3,Area Sales Manager,WA,98052,1987-05-14,F,Single,US Citizen,Yes,White,2012-02-20,,N/A-StillEmployed,Active,Sales,John Smith,17.0,Website,PIP,2.3,1,0,2019-01-29,2,17,37.21286789869952,12.44079397672827
"DiNocco, Lily ",10284,1,1,0,1,5,2,0,61584,0,19,Production Technician I,MA,2351,1978-12-02,F,Married,US Citizen,No,Black Or African American,2013-01-07,,N/A-StillEmployed,Active,Production       ,Brannon Miller,12.0,Indeed,Needs Improvement,3.88,4,0,2019-01-18,0,6,45.659137577002056,11.55920602327173
"Dobrin, Denisa  S",10207,0,0,0,1,5,3,0,46335,0,19,Production Technician I,MA,2125,1986-10-07,F,Single,US Citizen,Yes,White,2012-04-02,,N/A-StillEmployed,Active,Production       ,David Stanley,14.0,CareerBuilder,Fully Meets,3.4,5,0,2019-02-19,0,15,37.81245722108145,12.32580424366872
"Dolan, Linda",10133,1,1,0,1,3,3,0,70621,0,14,IT Support,MA,2119,1988-07-18,F,Married,US Citizen,No,White,2015-01-05,,N/A-StillEmployed,Active,IT/IS,Peter Monroe,7.0,Employee Referral,Fully Meets,4.11,4,6,2019-02-25,0,16,36.03285420944559,9.566050650239562
,,,,,,,,,,,,,,,,,,,,,,,,,,,,,,,,,,,,,
"Driver, Elle",10006,0,0,0,1,6,4,0,74241,0,3,Area Sales Manager,CA,90007,1988-11-08,F,Single,US Citizen,No,White,2011-01-10,,N/A-StillEmployed,Active,Sales,Lynn Daneault,21.0,Indeed,Exceeds,4.77,5,0,2019-01-27,0,14,35.723477070499655,13.552361396303901
,,,,,,,,,,,,,,,,,,,,,,,,,,,,,,,,,,,,,
,,,,,,,,,,,,,,,,,,,,,,,,,,,,,,,,,,,,,
"Eaton, Marianne",10064,1,1,0,5,5,3,0,60070,1,19,Production Technician I,MA,2343,1991-09-05,F,Married,US Citizen,No,White,2011-04-04,2017-06-06,military,Voluntarily Terminated,Production       ,Kissy Sullivan,20.0,Google Search,Fully Meets,5.0,3,0,2017-04-09,0,7,32.90075290896646,13.322381930184806
"Engdahl, Jean",10247,0,0,1,1,5,3,0,48888,0,19,Production Technician I,MA,2026,1974-05-31,M ,Single,US Citizen,No,White,2014-11-10,,N/A-StillEmployed,Active,Production       ,Kelley Spirea,18.0,LinkedIn,Fully Meets,4.7,5,0,2019-02-13,0,8,50.16563997262149,9.71937029431896
"England, Rex",10235,1,1,1,1,5,3,0,54285,0,19,Production Technician I,MA,2045,1978-08-25,M ,Married,US Citizen,No,White,2014-03-31,,N/A-StillEmployed,Active,Production       ,Kelley Spirea,18.0,Employee Referral,Fully Meets,4.2,3,0,2019-01-11,0,3,45.93018480492813,10.33264887063655
"Erilus, Angela",10299,0,3,0,1,5,1,0,56847,0,20,Production Technician II,MA,2133,1989-08-25,F,Separated,US Citizen,No,White,2014-07-07,,N/A-StillEmployed,Active,Production       ,Michael Albert,22.0,Indeed,PIP,3.0,1,0,2019-02-25,2,5,34.92950034223135,10.064339493497604
"Estremera, Miguel",10280,0,0,1,4,5,2,0,60340,1,19,Production Technician I,MA,2129,1983-09-02,M ,Single,US Citizen,No,White,2012-04-02,2018-09-27,attendance,Terminated for Cause,Production       ,Michael Albert,22.0,Google Search,Needs Improvement,5.0,4,0,2018-04-12,5,16,40.90896646132786,12.32580424366872
"Evensen, April",10296,0,0,0,4,5,2,0,59124,1,19,Production Technician I,MA,2458,1989-05-06,F,Single,US Citizen,No,White,2014-02-17,2018-02-25,"no-call, no-show",Terminated for Cause,Production       ,Elijiah Gray,16.0,Google Search,Needs Improvement,2.3,3,0,2017-01-15,5,19,35.233401779603014,10.447638603696099
"Exantus, Susan",10290,1,1,0,4,4,2,0,99280,1,24,Software Engineer,MA,1749,1987-05-15,F,Married,US Citizen,No,Black Or African American,2011-05-02,2013-06-05,attendance,Terminated for Cause,Software Engineering,Alex Sweetwater,10.0,Indeed,Needs Improvement,2.1,5,4,2012-08-10,4,19,37.210130047912386,13.245722108145106
"Faller, Megan ",10263,1,1,0,1,5,3,0,71776,0,20,Production Technician II,MA,1824,1978-09-22,F,Married,US Citizen,No,Black Or African American,2014-07-07,,N/A-StillEmployed,Active,Production       ,Elijiah Gray,16.0,LinkedIn,Fully Meets,4.4,5,0,2019-02-22,0,17,45.85352498288843,10.064339493497604
"Fancett, Nicole",10136,0,0,0,1,5,3,0,65902,0,20,Production Technician II,MA,2324,1987-09-27,F,Single,US Citizen,No,Black Or African American,2014-02-17,,N/A-StillEmployed,Active,Production       ,Webster Butler,-1.0,LinkedIn,Fully Meets,4.0,4,0,2019-01-07,0,7,36.84052019164955,10.447638603696099
,,,,,,,,,,,,,,,,,,,,,,,,,,,,,,,,,,,,,
"Fernandes, Nilson  ",10308,1,1,1,1,5,1,0,64057,0,19,Production Technician I,MA,2132,1989-10-18,M ,Married,US Citizen,No,White,2015-05-11,,N/A-StillEmployed,Active,Production       ,Amy Dunn,11.0,Indeed,PIP,1.56,5,0,2019-01-03,6,15,34.78165639972622,9.221081451060916
"Fett, Boba",10309,0,0,1,1,3,1,0,53366,0,15,Network Engineer,MA,2138,1987-06-18,M ,Single,US Citizen,No,White,2015-03-30,,N/A-StillEmployed,Active,IT/IS,Peter Monroe,7.0,LinkedIn,PIP,1.2,3,6,2019-02-04,3,2,37.1170431211499,9.336071184120465
"Fidelia,  Libby",10049,1,1,0,1,5,3,0,58530,0,19,Production Technician I,MA,2155,1981-03-16,F,Married,US Citizen,No,White,2012-01-09,,N/A-StillEmployed,Active,Production       ,Brannon Miller,12.0,Google Search,Fully Meets,5.0,5,0,2019-01-29,0,19,43.37303216974675,12.555783709787816
"Fitzpatrick, Michael  J",10093,0,0,1,5,5,3,0,72609,1,20,Production Technician II,MA,2143,1981-10-01,M ,Single,US Citizen,Yes,White,2011-05-16,2013-06-24,hours,Voluntarily Terminated,Production       ,Amy Dunn,11.0,Google Search,Fully Meets,4.76,5,0,2013-04-05,0,20,42.82819986310746,13.207392197125257
"Foreman, Tanya",10163,1,1,0,5,5,3,0,55965,1,20,Production Technician II,MA,2170,1983-11-08,F,Married,US Citizen,No,White,2011-04-04,2013-01-09,career change,Voluntarily Terminated,Production       ,Ketsia Liebig,19.0,Google Search,Fully Meets,3.66,3,0,2012-01-07,0,6,40.72553045859001,13.322381930184806
"Forrest, Alex",10305,1,1,1,1,6,3,0,70187,1,3,Area Sales Manager,MA,2330,1975-07-07,M ,Married,US Citizen,No,White,2014-09-29,2018-08-19,Fatal attraction,Terminated for Cause,Sales,Lynn Daneault,21.0,Employee Referral,PIP,2.0,5,0,2019-01-28,4,7,49.06502395619439,9.834360027378509
"Foss, Jason",10015,0,0,1,1,3,4,0,178000,0,12,IT Director,MA,1460,1980-07-05,M ,Single,US Citizen,No,Black Or African American,2011-04-15,,N/A-StillEmployed,Active,IT/IS,Jennifer Zamora,5.0,Indeed,Exceeds,5.0,5,5,2019-01-07,0,15,44.068446269678304,13.292265571526352
"Foster-Baker, Amy",10080,1,1,0,1,1,3,0,99351,0,26,Sr. Accountant,MA,2050,1979-04-16,F,Married,US Citizen,no,White,2009-01-05,,N/A-StillEmployed,Active,Admin Offices,Board of Directors,9.0,Other,Fully Meets,5.0,3,2,2019-02-08,0,3,45.28952772073922,15.564681724845997
,,,,,,,,,,,,,,,,,,,,,,,,,,,,,,,,,,,,,
,,,,,,,,,,,,,,,,,,,,,,,,,,,,,,,,,,,,,
"Garcia, Raul",10111,0,0,1,1,5,3,0,52249,0,19,Production Technician I,MA,1905,1985-09-15,M ,Single,US Citizen,Yes,White,2015-03-30,,N/A-StillEmployed,Active,Production       ,David Stanley,14.0,Employee Referral,Fully Meets,4.5,3,0,2019-02-18,0,5,38.87200547570158,9.336071184120465
"Gaul, Barbara",10257,0,0,0,1,5,3,0,53171,0,19,Production Technician I,MA,2121,1983-12-02,F,Single,US Citizen,Yes,Black Or African American,2011-05-16,,N/A-StillEmployed,Active,Production       ,Kelley Spirea,18.0,LinkedIn,Fully Meets,4.2,4,0,2019-02-26,0,12,40.65982203969884,13.207392197125257
"Gentry, Mildred",10159,1,1,0,1,5,3,0,51337,0,19,Production Technician I,MA,2145,1990-10-01,F,Married,US Citizen,No,Black Or African American,2015-03-30,,N/A-StillEmployed,Active,Production       ,Michael Albert,22.0,LinkedIn,Fully Meets,3.73,3,0,2019-01-16,0,19,33.828884325804246,9.336071184120465
,,,,,,,,,,,,,,,,,,,,,,,,,,,,,,,,,,,,,
,,,,,,,,,,,,,,,,,,,,,,,,,,,,,,,,,,,,,
"Gilles, Alex",10283,1,1,1,5,5,2,1,54933,1,19,Production Technician I,MA,2062,1974-08-09,M ,Married,US Citizen,No,Black Or African American,2012-04-02,2015-06-25,military,Voluntarily Terminated,Production       ,Webster Butler,39.0,Diversity Job Fair,Needs Improvement,3.97,4,0,2015-01-20,3,15,49.973990417522245,12.32580424366872
"Girifalco, Evelyn",10018,0,0,0,1,5,4,0,57815,0,19,Production Technician I,MA,2451,1980-05-08,F,Single,US Citizen,Yes,Two Or More Races,2014-09-29,,N/A-StillEmployed,Active,Production       ,Amy Dunn,11.0,Indeed,Exceeds,3.9,4,0,2019-02-07,0,3,44.22724161533196,9.834360027378509
"Givens, Myriam",10255,0,0,0,1,6,3,0,61555,0,3,Area Sales Manager,IN,46204,1989-09-22,F,Single,US Citizen,No,White,2015-02-16,,N/A-StillEmployed,Active,Sales,Lynn Daneault,21.0,Indeed,Fully Meets,4.5,5,0,2019-01-25,0,20,34.85284052019165,9.451060917180014
,,,,,,,,,,,,,,,,,,,,,,,,,,,,,,,,,,,,,
"Goeth, Amon",10228,1,1,1,1,3,3,0,74679,0,14,IT Support,MA,2135,1989-11-24,M ,Married,US Citizen,Yes,White,2015-03-30,,N/A-StillEmployed,Active,IT/IS,Peter Monroe,7.0,LinkedIn,Fully Meets,4.3,5,7,2019-01-10,0,20,34.680355920602324,9.336071184120465
"Gold, Shenice  ",10243,0,0,0,1,5,3,0,53018,0,19,Production Technician I,MA,2451,1992-06-18,F,Single,US Citizen,Yes,White,2013-11-11,,N/A-StillEmployed,Active,Production       ,Ketsia Liebig,19.0,Indeed,Fully Meets,4.3,5,0,2019-02-18,0,7,32.114989733059545,10.715947980835045
,,,,,,,,,,,,,,,,,,,,,,,,,,,,,,,,,,,,,
,,,,,,,,,,,,,,,,,,,,,,,,,,,,,,,,,,,,,
"Gonzalez, Maria",10101,0,3,0,1,3,3,0,61242,0,14,IT Support,MA,2472,1981-04-16,F,Separated,US Citizen,Yes,White,2015-01-05,,N/A-StillEmployed,Active,IT/IS,Peter Monroe,7.0,Employee Referral,Fully Meets,4.61,4,5,2019-01-28,0,11,43.28815879534565,9.566050650239562
"Good, Susan",10237,1,1,0,3,5,3,0,66825,0,20,Production Technician II,MA,1886,1986-05-25,F,Married,US Citizen,No,White,2014-05-12,,N/A-StillEmployed,Active,Production       ,David Stanley,14.0,LinkedIn,Fully Meets,4.6,3,0,2019-02-07,0,20,38.182067077344286,10.217659137577002
"Gordon, David",10051,1,1,1,1,5,3,0,48285,0,19,Production Technician I,MA,2169,1979-05-21,M ,Married,US Citizen,No,White,2012-07-02,,N/A-StillEmployed,Active,Production       ,David Stanley,14.0,LinkedIn,Fully Meets,5.0,3,0,2019-01-14,0,2,45.1937029431896,12.0766598220397
"Gosciminski, Phylicia  ",10218,0,3,0,3,5,3,0,66149,0,20,Production Technician II,MA,1824,1983-12-08,F,Separated,US Citizen,No,American Indian Or Alaska Native,2013-09-30,,N/A-StillEmployed,Active,Production       ,Kissy Sullivan,20.0,Google Search,Fully Meets,4.4,5,0,2019-02-21,0,1,40.643394934976044,10.830937713894592
"Goyal, Roxana",10256,1,1,0,3,5,3,0,49256,0,19,Production Technician I,MA,1864,1974-10-09,F,Married,US Citizen,No,Asian,2013-08-19,,N/A-StillEmployed,Active,Production       ,Kissy Sullivan,20.0,LinkedIn,Fully Meets,4.1,5,0,2019-02-15,0,3,49.80698151950719,10.94592744695414
"Gray, Elijiah  ",10098,0,2,1,1,5,3,0,62957,0,18,Production Manager,MA,1752,1981-07-11,M ,Divorced,US Citizen,No,White,2015-06-02,,N/A-StillEmployed,Active,Production       ,Janet King,2.0,Employee Referral,Fully Meets,4.63,3,0,2019-01-04,0,2,43.05270362765229,9.160848733744011
"Gross, Paula",10059,0,2,0,5,5,3,0,63813,1,19,Production Technician I,MA,2176,1983-05-21,F,Divorced,US Citizen,No,White,2011-02-21,2014-01-11,more money,Voluntarily Terminated,Production       ,Kelley Spirea,18.0,CareerBuilder,Fully Meets,5.0,5,0,2013-06-03,0,17,41.1937029431896,13.437371663244353
"Gruber, Hans",10234,1,1,1,1,3,3,0,99020,0,4,BI Developer,MA,2134,1989-06-30,M ,Married,US Citizen,No,Black Or African American,2017-04-20,,N/A-StillEmployed,Active,IT/IS,Brian Champaigne,13.0,Indeed,Fully Meets,4.2,5,5,2019-01-28,0,8,35.082819986310746,7.277207392197125
,,,,,,,,,,,,,,,,,,,,,,,,,,,,,,,,,,,,,
"Handschiegl, Joanne",10125,1,1,0,1,5,3,0,54828,0,19,Production Technician I,MA,2127,1977-03-23,F,Married,US Citizen,No,White,2011-11-28,,N/A-StillEmployed,Active,Production       ,Michael Albert,22.0,Google Search,Fully Meets,4.2,4,0,2019-02-22,0,13,47.35386721423682,12.670773442847365
"Hankard, Earnest",10074,0,0,1,1,5,3,0,64246,0,20,Production Technician II,MA,2155,1988-08-10,M ,Single,US Citizen,Yes,White,2013-11-11,,N/A-StillEmployed,Active,Production       ,Kelley Spirea,18.0,LinkedIn,Fully Meets,5.0,3,0,2019-01-08,0,20,35.969883641341546,10.715947980835045
,,,,,,,,,,,,,,,,,,,,,,,,,,,,,,,,,,,,,
"Harrison, Kara",10007,1,1,0,1,5,4,0,62065,0,19,Production Technician I,MA,1886,1974-05-02,F,Married,US Citizen,No,White,2014-05-12,,N/A-StillEmployed,Active,Production       ,Amy Dunn,11.0,CareerBuilder,Exceeds,4.76,4,0,2019-02-15,0,5,50.24503764544832,10.217659137577002
"Heitzman, Anthony",10129,0,0,1,1,5,3,0,46998,0,19,Production Technician I,MA,2149,1984-01-04,M ,Single,US Citizen,No,White,2012-08-13,,N/A-StillEmployed,Active,Production       ,Ketsia Liebig,19.0,Google Search,Fully Meets,4.17,4,0,2019-02-11,0,1,40.56947296372348,11.961670088980151
,,,,,,,,,,,,,,,,,,,,,,,,,,,,,,,,,,,,,
"Hitchcock, Alfred",10167,1,1,1,1,6,3,0,70545,0,3,Area Sales Manager,NH,3062,1988-09-14,M ,Married,US Citizen,No,American Indian Or Alaska Native,2014-08-18,,N/A-StillEmployed,Active,Sales,John Smith,17.0,Indeed,Fully Meets,3.6,5,0,2019-01-30,0,9,35.87405886379192,9.949349760438055
"Homberger, Adrienne  J",10195,1,1,0,5,5,3,0,63478,1,20,Production Technician II,MA,2445,1984-02-16,F,Married,Non-Citizen,No,White,2011-08-15,2012-04-07,relocation out of area,Voluntarily Terminated,Production       ,Michael Albert,30.0,Indeed,Fully Meets,3.03,5,0,2012-03-05,0,16,40.4517453798768,12.958247775496236
"Horton, Jayne",10112,0,0,0,1,3,3,0,97999,0,8,Database Administrator,MA,2493,1984-02-21,F,Single,US Citizen,No,White,2015-03-30,,N/A-StillEmployed,Active,IT/IS,Simon Roup,4.0,Indeed,Fully Meets,4.48,5,6,2019-01-03,0,4,40.43805612594114,9.336071184120465
,,,,,,,,,,,,,,,,,,,,,,,,,,,,,,,,,,,,,
"Howard, Estelle",10182,1,1,0,1,1,3,0,49920,1,2,Administrative Assistant,MA,2170,1985-09-16,F,Married,US Citizen,No,Black Or African American,2015-02-16,2015-04-15,"no-call, no-show",Terminated for Cause,Admin Offices,Brandon R. LeBlanc,1.0,Indeed,Fully Meets,3.24,3,4,2015-04-15,0,6,38.86926762491444,9.451060917180014
"Hudson, Jane",10248,0,0,0,1,5,3,0,55425,0,19,Production Technician I,MA,2176,1986-06-10,F,Single,US Citizen,No,White,2012-02-20,,N/A-StillEmployed,Active,Production       ,Ketsia Liebig,19.0,LinkedIn,Fully Meets,4.8,4,0,2019-01-07,0,4,38.13826146475017,12.44079397672827
"Hunts, Julissa",10201,0,0,0,2,5,3,0,69340,0,20,Production Technician II,MA,2021,1984-03-11,F,Single,US Citizen,No,White,2016-06-06,,N/A-StillEmployed,Active,Production       ,Elijiah Gray,16.0,LinkedIn,Fully Meets,3.0,5,0,2019-01-18,0,4,40.38603696098563,8.147843942505133
"Hutter, Rosalie",10214,0,3,0,2,5,3,0,64995,0,20,Production Technician II,MA,2351,1992-05-07,F,Separated,US Citizen,No,White,2015-06-05,,N/A-StillEmployed,Active,Production       ,Webster Butler,-1.0,Indeed,Fully Meets,4.5,3,0,2019-02-14,0,6,32.2299794661191,9.152635181382614
"Huynh, Ming",10160,0,2,0,5,5,3,0,68182,1,20,Production Technician II,MA,1742,1976-09-22,F,Divorced,US Citizen,No,White,2011-02-21,2013-04-01,unhappy,Voluntarily Terminated,Production       ,Amy Dunn,11.0,Google Search,Fully Meets,3.72,3,0,2013-02-01,0,18,47.85215605749487,13.437371663244353
"Immediato, Walter",10289,1,1,1,5,5,2,0,83082,1,18,Production Manager,MA,2128,1976-11-15,M ,Married,US Citizen,No,Asian,2011-02-21,2012-09-24,unhappy,Voluntarily Terminated,Production       ,Janet King,2.0,Indeed,Needs Improvement,2.34,2,0,2012-04-12,3,4,47.70431211498973,13.437371663244353
"Ivey, Rose ",10139,0,0,0,1,5,3,0,51908,0,19,Production Technician I,MA,1775,1991-01-28,F,Single,US Citizen,No,White,2013-08-19,,N/A-StillEmployed,Active,Production       ,Brannon Miller,12.0,Indeed,Fully Meets,3.99,3,0,2019-01-14,0,14,33.503080082135526,10.94592744695414
,,,,,,,,,,,,,,,,,,,,,,,,,,,,,,,,,,,,,
,,,,,,,,,,,,,,,,,,,,,,,,,,,,,,,,,,,,,
"Jeannite, Tayana",10009,0,2,0,1,5,4,0,60724,0,20,Production Technician II,MA,1821,1986-11-06,F,Divorced,US Citizen,No,American Indian Or Alaska Native,2011-07-05,,N/A-StillEmployed,Active,Production       ,Ketsia Liebig,19.0,LinkedIn,Exceeds,4.6,4,0,2019-02-25,0,11,37.73032169746749,13.070499657768652
,,,,,,,,,,,,,,,,,,,,,,,,,,,,,,,,,,,,,
,,,,,,,,,,,,,,,,,,,,,,,,,,,,,,,,,,,,,
"Johnson, Noelle ",10156,1,1,0,3,3,3,0,105700,0,8,Database Administrator,MA,2301,1986-11-07,F,Married,US Citizen,No,Asian,2015-01-05,,N/A-StillEmployed,Active,IT/IS,Simon Roup,4.0,Indeed,Fully Meets,3.75,3,5,2019-02-11,0,2,37.72758384668035,9.566050650239562
,,,,,,,,,,,,,,,,,,,,,,,,,,,,,,,,,,,,,
"Jung, Judy  ",10138,1,1,0,5,5,3,0,61154,1,19,Production Technician I,MA,2446,1986-04-17,F,Married,US Citizen,No,Black Or African American,2011-01-10,2016-04-01,unhappy,Voluntarily Terminated,Production       ,Elijiah Gray,16.0,CareerBuilder,Fully Meets,4.0,4,0,2016-02-03,0,4,38.286105407255306,13.552361396303901
"Kampew, Donysha",10244,0,0,0,5,6,3,0,68999,1,21,Sales Manager,PA,19444,1989-11-11,F,Single,US Citizen,No,White,2011-11-07,2014-04-24,maternity leave - did not return,Voluntarily Terminated,Sales,Debra Houlihan,15.0,Google Search,Fully Meets,4.5,5,0,2013-03-30,0,2,34.71594798083505,12.728268309377139
"Keatts, Kramer ",10192,0,0,1,1,5,3,0,50482,0,19,Production Technician I,MA,1887,1976-01-19,M ,Single,US Citizen,No,White,2013-09-30,,N/A-StillEmployed,Active,Production       ,Michael Albert,22.0,Indeed,Fully Meets,3.07,4,0,2019-01-23,0,10,48.5284052019165,10.830937713894592
"Khemmich, Bartholemew",10231,0,0,1,1,6,3,0,65310,0,3,Area Sales Manager,CO,80820,1979-11-27,M ,Single,US Citizen,No,White,2013-08-19,,N/A-StillEmployed,Active,Sales,Lynn Daneault,21.0,Indeed,Fully Meets,4.3,5,0,2019-01-22,0,13,44.6735112936345,10.94592744695414
,,,,,,,,,,,,,,,,,,,,,,,,,,,,,,,,,,,,,
,,,,,,,,,,,,,,,,,,,,,,,,,,,,,,,,,,,,,
,,,,,,,,,,,,,,,,,,,,,,,,,,,,,,,,,,,,,
"Knapp, Bradley  J",10208,0,0,1,1,5,3,0,46654,0,19,Production Technician I,MA,1721,1977-11-10,M ,Single,US Citizen,No,Black Or African American,2014-02-17,,N/A-StillEmployed,Active,Production       ,Ketsia Liebig,19.0,LinkedIn,Fully Meets,3.1,3,0,2019-02-06,0,3,46.718685831622174,10.447638603696099
"Kretschmer, John",10176,1,1,1,1,5,3,0,63973,0,19,Production Technician I,MA,1801,1980-02-02,M ,Married,US Citizen,No,Asian,2011-01-10,,N/A-StillEmployed,Active,Production       ,Brannon Miller,12.0,Indeed,Fully Meets,3.38,3,0,2019-01-21,0,17,44.49007529089665,13.552361396303901
,,,,,,,,,,,,,,,,,,,,,,,,,,,,,,,,,,,,,
"Lajiri,  Jyoti",10113,1,1,1,3,3,3,0,93206,0,28,Sr. Network Engineer,MA,2169,1986-04-23,M ,Married,US Citizen,No,White,2014-11-10,,N/A-StillEmployed,Active,IT/IS,Peter Monroe,7.0,Employee Referral,Fully Meets,4.46,5,6,2019-01-07,0,7,38.26967830253251,9.71937029431896
,,,,,,,,,,,,,,,,,,,,,,,,,,,,,,,,,,,,,
"Langford, Lindsey",10106,0,2,0,5,5,3,0,66074,1,20,Production Technician II,MA,2090,1979-07-25,F,Divorced,US Citizen,No,Asian,2013-01-07,2014-03-31,Another position,Voluntarily Terminated,Production       ,David Stanley,14.0,Indeed,Fully Meets,4.52,3,0,2014-02-20,0,20,45.01574264202601,11.55920602327173
"Langton, Enrico",10052,1,1,1,1,5,3,0,46120,0,19,Production Technician I,MA,2048,1986-12-09,M ,Married,US Citizen,No,White,2012-07-09,,N/A-StillEmployed,Active,Production       ,David Stanley,14.0,LinkedIn,Fully Meets,5.0,5,0,2019-02-04,0,13,37.63997262149213,12.057494866529774
"LaRotonda, William  ",10038,0,2,1,1,1,3,0,64520,0,1,Accountant I,MA,1460,1984-04-26,M ,Divorced,US Citizen,No,Black Or African American,2014-01-06,,N/A-StillEmployed,Active,Admin Offices,Brandon R. LeBlanc,1.0,Website,Fully Meets,5.0,4,4,2019-01-17,0,3,40.26009582477755,10.562628336755647
"Latif, Mohammed",10249,1,1,1,5,5,3,0,61962,1,20,Production Technician II,MA,2126,1984-05-09,M ,Married,US Citizen,No,White,2012-04-02,2013-04-15,more money,Voluntarily Terminated,Production       ,Kissy Sullivan,20.0,Google Search,Fully Meets,4.9,3,0,2013-02-20,0,20,40.224503764544835,12.32580424366872
"Le, Binh",10232,0,0,0,1,3,3,0,81584,0,22,Senior BI Developer,MA,1886,1987-06-14,F,Single,US Citizen,No,Asian,2016-10-02,,N/A-StillEmployed,Active,IT/IS,Brian Champaigne,13.0,Indeed,Fully Meets,4.1,5,7,2019-01-08,0,2,37.12799452429842,7.824777549623546
"Leach, Dallas",10087,0,0,0,5,5,3,0,63676,1,19,Production Technician I,MA,1810,1979-01-17,F,Single,US Citizen,No,Asian,2011-09-26,2018-08-19,return to school,Voluntarily Terminated,Production       ,Kissy Sullivan,20.0,CareerBuilder,Fully Meets,4.88,3,0,2017-07-02,0,17,45.53319644079398,12.843258042436688
"LeBlanc, Brandon  R",10134,1,1,1,1,1,3,0,93046,0,23,Shared Services Manager,MA,1460,1984-06-10,M ,Married,US Citizen,No,White,2016-01-05,,N/A-StillEmployed,Active,Admin Offices,Janet King,2.0,CareerBuilder,Fully Meets,4.1,4,0,2019-01-28,0,20,40.1368925393566,8.566735112936344
"Lecter, Hannibal",10251,1,1,1,1,5,3,0,64738,0,19,Production Technician I,MA,1776,1982-09-02,M ,Married,US Citizen,No,Asian,2012-05-14,,N/A-StillEmployed,Active,Production       ,Elijiah Gray,16.0,Google Search,Fully Meets,4.1,3,0,2019-02-22,0,10,41.908281998631075,12.210814510609172
"Leruth, Giovanni",10103,0,3,1,1,6,3,0,70468,0,3,Area Sales Manager,UT,84111,1988-12-27,M ,Separated,US Citizen,No,Black Or African American,2012-04-30,,N/A-StillEmployed,Active,Sales,John Smith,17.0,Website,Fully Meets,4.53,3,0,2019-01-29,0,16,35.58932238193019,12.24914442162902
"Liebig, Ketsia",10017,1,1,0,1,5,4,0,77915,0,18,Production Manager,MA,2110,1981-10-26,F,Married,US Citizen,No,White,2013-09-30,,N/A-StillEmployed,Active,Production       ,Janet King,2.0,Website,Exceeds,4.1,3,0,2019-01-21,0,11,42.75975359342916,10.830937713894592
"Linares, Marilyn ",10186,1,1,0,5,5,3,0,52624,1,19,Production Technician I,MA,1886,1981-03-26,F,Married,US Citizen,No,White,2011-07-05,2018-09-26,unhappy,Voluntarily Terminated,Production       ,Michael Albert,22.0,Indeed,Fully Meets,3.18,4,0,2018-03-02,0,16,43.34565366187543,13.070499657768652
"Linden, Mathew",10137,1,1,1,3,5,3,0,63450,0,20,Production Technician II,MA,1770,1979-03-19,M ,Married,US Citizen,No,White,2013-07-08,,N/A-StillEmployed,Active,Production       ,Kelley Spirea,18.0,LinkedIn,Fully Meets,4.0,3,0,2019-02-18,0,7,45.36618754277892,11.06091718001369
"Lindsay, Leonara ",10008,0,0,0,1,3,4,1,51777,0,14,IT Support,CT,6070,1988-10-05,F,Single,US Citizen,Yes,Black Or African American,2011-01-21,,N/A-StillEmployed,Active,IT/IS,Eric Dougall,6.0,Diversity Job Fair,Exceeds,4.64,4,5,2019-01-25,0,14,35.81656399726215,13.522245037645447
"Lundy, Susan",10096,0,4,0,5,5,3,0,67237,1,20,Production Technician II,MA,2122,1976-12-26,F,Widowed,US Citizen,No,White,2013-07-08,2016-09-15,more money,Voluntarily Terminated,Production       ,Michael Albert,22.0,LinkedIn,Fully Meets,4.65,4,0,2016-06-10,0,15,47.592060232717316,11.06091718001369
"Lunquist, Lisa",10035,0,0,0,1,5,4,0,73330,0,20,Production Technician II,MA,2324,1982-03-28,F,Single,US Citizen,No,Black Or African American,2013-08-19,,N/A-StillEmployed,Active,Production       ,Elijiah Gray,16.0,Indeed,Exceeds,4.2,4,0,2019-02-12,0,19,42.340862422997944,10.94592744695414
"Lydon, Allison",10057,1,1,0,3,5,3,0,52057,0,19,Production Technician I,MA,2122,1975-10-22,F,Married,US Citizen,No,Black Or African American,2015-02-16,,N/A-StillEmployed,Active,Production       ,Elijiah Gray,16.0,Website,Fully Meets,5.0,3,0,2019-01-23,0,6,48.772073921971256,9.451060917180014
,,,,,,,,,,,,,,,,,,,,,,,,,,,,,,,,,,,,,
,,,,,,,,,,,,,,,,,,,,,,,,,,,,,,,,,,,,,
"Mahoney, Lauren  ",10219,0,0,0,1,5,3,0,45395,0,19,Production Technician I,MA,2189,1986-07-07,F,Single,US Citizen,No,White,2014-01-06,,N/A-StillEmployed,Active,Production       ,Ketsia Liebig,19.0,LinkedIn,Fully Meets,4.6,4,0,2019-02-26,0,14,38.064339493497606,10.562628336755647
"Manchester, Robyn",10077,1,1,0,2,5,3,0,62385,0,20,Production Technician II,MA,2324,1976-08-25,F,Married,US Citizen,No,White,2016-05-11,,N/A-StillEmployed,Active,Production       ,Webster Butler,-1.0,LinkedIn,Fully Meets,5.0,3,0,2019-01-21,0,4,47.92881587953457,8.219028062970569
"Mancuso, Karen",10073,1,1,0,5,5,3,0,68407,1,20,Production Technician II,MA,2176,1986-12-10,F,Married,US Citizen,No,Two Or More Races,2011-07-05,2012-08-19,Another position,Voluntarily Terminated,Production       ,Amy Dunn,11.0,LinkedIn,Fully Meets,5.0,4,0,2012-07-02,0,16,37.637234770705,13.070499657768652
"Mangal, Debbie",10279,1,1,0,1,5,3,0,61349,0,19,Production Technician I,MA,2451,1974-11-07,F,Married,US Citizen,No,White,2013-11-11,,N/A-StillEmployed,Active,Production       ,Brannon Miller,12.0,LinkedIn,Fully Meets,4.1,3,0,2019-01-22,0,11,49.72758384668035,10.715947980835045
"Martin, Sandra",10110,0,0,0,1,4,3,0,105688,0,24,Software Engineer,MA,2135,1987-11-07,F,Single,US Citizen,No,Asian,2013-11-11,,N/A-StillEmployed,Active,Software Engineering,Alex Sweetwater,10.0,Google Search,Fully Meets,4.5,5,4,2019-01-14,0,14,36.72826830937714,10.715947980835045
"Maurice, Shana",10053,1,1,0,1,5,3,0,54132,0,19,Production Technician I,MA,2330,1977-11-22,F,Married,US Citizen,No,White,2011-05-31,,N/A-StillEmployed,Active,Production       ,David Stanley,14.0,Indeed,Fully Meets,5.0,4,0,2019-01-10,0,8,46.68583162217659,13.166324435318275
"Carthy, B'rigit",10076,0,0,0,1,5,3,0,55315,0,20,Production Technician II,MA,2149,1987-05-21,F,Single,US Citizen,No,Black Or African American,2015-03-30,,N/A-StillEmployed,Active,Production       ,Ketsia Liebig,19.0,LinkedIn,Fully Meets,5.0,5,0,2019-02-07,0,16,37.1937029431896,9.336071184120465
"Mckenna, Sandy",10145,1,1,0,1,5,3,0,62810,0,19,Production Technician I,MA,2184,1987-01-07,F,Married,US Citizen,No,Black Or African American,2013-01-07,,N/A-StillEmployed,Active,Production       ,Kissy Sullivan,20.0,CareerBuilder,Fully Meets,3.93,3,0,2019-01-30,0,20,37.5605749486653,11.55920602327173
"McKinzie, Jac",10202,1,1,1,2,6,3,0,63291,0,3,Area Sales Manager,TX,78789,1984-07-01,M ,Married,US Citizen,No,Two Or More Races,2016-07-06,,N/A-StillEmployed,Active,Sales,Lynn Daneault,21.0,Website,Fully Meets,3.4,4,0,2019-01-29,0,7,40.07939767282683,8.06570841889117
,,,,,,,,,,,,,,,,,,,,,,,,,,,,,,,,,,,,,
"Medeiros, Jennifer",10068,0,0,0,1,5,3,0,55688,0,19,Production Technician I,MA,2346,1976-09-22,F,Single,US Citizen,No,White,2015-03-30,,N/A-StillEmployed,Active,Production       ,Michael Albert,22.0,CareerBuilder,Fully Meets,5.0,4,0,2019-01-21,0,10,47.85215605749487,9.336071184120465
"Miller, Brannon",10116,0,0,1,1,5,3,0,83667,0,18,Production Manager,MA,2045,1981-08-10,M ,Single,US Citizen,yes,Hispanic,2012-08-16,,N/A-StillEmployed,Active,Production       ,Janet King,2.0,Indeed,Fully Meets,4.37,3,0,2019-01-14,0,2,42.97056810403833,11.953456536618754
"Miller, Ned",10298,0,0,1,5,5,1,0,55800,1,20,Production Technician II,MA,2472,1985-06-29,M ,Single,US Citizen,No,White,2011-08-15,2014-09-04,unhappy,Voluntarily Terminated,Production       ,Brannon Miller,12.0,LinkedIn,PIP,3.0,2,0,2013-01-14,6,6,39.08555783709788,12.958247775496236
"Monkfish, Erasumus",10213,1,1,1,1,5,3,0,58207,0,20,Production Technician II,MA,1450,1992-08-17,M ,Married,US Citizen,No,White,2011-11-07,,N/A-StillEmployed,Active,Production       ,David Stanley,14.0,LinkedIn,Fully Meets,3.7,3,0,2019-01-08,0,14,31.95071868583162,12.728268309377139
"Monroe, Peter",10288,1,1,1,1,3,2,1,157000,0,13,IT Manager - Infra,MA,2134,1986-10-05,M ,Married,Eligible NonCitizen,Yes,Black Or African American,2012-02-15,,N/A-StillEmployed,Active,IT/IS,Jennifer Zamora,5.0,Diversity Job Fair,Needs Improvement,2.39,3,6,2019-02-22,4,13,37.817932922655714,12.454483230663929
,,,,,,,,,,,,,,,,,,,,,,,,,,,,,,,,,,,,,
"Moran, Patrick",10223,0,0,1,3,5,3,1,72106,0,20,Production Technician II,MA,2127,1976-12-03,M ,Single,US Citizen,No,Black Or African American,2012-01-09,,N/A-StillEmployed,Active,Production       ,Kelley Spirea,18.0,Diversity Job Fair,Fully Meets,4.1,4,0,2019-01-31,0,12,47.65503080082136,12.555783709787816
"Morway, Tanya",10151,1,1,0,1,3,3,0,52599,0,15,Network Engineer,MA,2048,1979-04-04,F,Married,US Citizen,No,White,2015-02-16,,N/A-StillEmployed,Active,IT/IS,Peter Monroe,7.0,CareerBuilder,Fully Meets,3.81,3,6,2019-02-11,0,6,45.322381930184804,9.451060917180014
"Motlagh,  Dawn",10254,0,2,0,1,5,3,0,63430,0,19,Production Technician I,MA,2453,1984-07-07,F,Divorced,US Citizen,No,White,2013-04-01,,N/A-StillEmployed,Active,Production       ,Elijiah Gray,16.0,LinkedIn,Fully Meets,4.4,4,0,2019-01-17,0,18,40.062970568104035,11.329226557152635
"Moumanil, Maliki ",10120,0,3,1,1,5,3,0,74417,0,20,Production Technician II,MA,1460,1974-12-01,M ,Separated,US Citizen,No,Black Or African American,2013-05-13,,N/A-StillEmployed,Active,Production       ,Michael Albert,22.0,LinkedIn,Fully Meets,4.29,5,0,2019-01-28,0,11,49.661875427789184,11.214236824093087
"Myers, Michael",10216,0,0,1,1,5,3,0,57575,0,19,Production Technician I,MA,1550,1980-04-18,M ,Single,US Citizen,No,Asian,2013-07-08,,N/A-StillEmployed,Active,Production       ,Kissy Sullivan,20.0,LinkedIn,Fully Meets,4.1,4,0,2019-01-22,0,13,44.28199863107461,11.06091718001369
,,,,,,,,,,,,,,,,,,,,,,,,,,,,,,,,,,,,,
"Ndzi, Colombui",10215,0,0,1,5,5,3,1,50470,1,19,Production Technician I,MA,2110,1989-05-02,M ,Single,US Citizen,No,Black Or African American,2011-09-26,2014-04-04,return to school,Voluntarily Terminated,Production       ,Webster Butler,39.0,Diversity Job Fair,Fully Meets,4.3,3,0,2013-03-02,0,19,35.24435318275154,12.843258042436688
"Ndzi, Horia",10185,1,1,1,5,5,3,0,46664,1,19,Production Technician I,MA,2421,1983-03-28,M ,Married,US Citizen,No,White,2013-04-01,2016-05-25,more money,Voluntarily Terminated,Production       ,Amy Dunn,11.0,Employee Referral,Fully Meets,3.18,3,0,2016-03-06,0,10,41.34154688569473,11.329226557152635
"Newman, Richard ",10063,1,1,1,3,5,3,0,48495,0,19,Production Technician I,MA,2136,1977-04-08,M ,Married,US Citizen,No,White,2014-05-12,,N/A-StillEmployed,Active,Production       ,Ketsia Liebig,19.0,LinkedIn,Fully Meets,5.0,5,0,2019-02-18,0,11,47.31006160164271,10.217659137577002
,,,,,,,,,,,,,,,,,,,,,,,,,,,,,,,,,,,,,
"Nguyen, Dheepa",10042,0,0,0,1,6,3,0,63695,0,3,Area Sales Manager,GA,30428,1989-03-31,F,Single,US Citizen,No,Two Or More Races,2013-07-08,,N/A-StillEmployed,Active,Sales,Lynn Daneault,21.0,Indeed,Fully Meets,5.0,5,0,2019-01-25,0,2,35.331964407939765,11.06091718001369
"Nguyen, Lei-Ming",10206,0,0,0,1,5,3,0,62061,0,19,Production Technician I,MA,2132,1984-07-07,F,Single,US Citizen,No,White,2013-07-08,,N/A-StillEmployed,Active,Production       ,David Stanley,14.0,LinkedIn,Fully Meets,3.6,5,0,2019-01-02,0,4,40.062970568104035,11.06091718001369
"Nowlan, Kristie",10104,0,0,0,1,5,3,0,66738,0,20,Production Technician II,MA,1040,1985-11-23,F,Single,US Citizen,No,White,2014-11-10,,N/A-StillEmployed,Active,Production       ,Elijiah Gray,16.0,Indeed,Fully Meets,4.53,5,0,2019-01-16,0,5,38.68309377138946,9.71937029431896
"O'hare, Lynn",10303,0,0,0,4,5,1,0,52674,1,19,Production Technician I,MA,2152,1980-09-30,F,Single,US Citizen,No,Two Or More Races,2014-03-31,2018-05-01,performance,Terminated for Cause,Production       ,Kissy Sullivan,20.0,LinkedIn,PIP,2.33,2,0,2018-03-09,6,3,43.83025325119781,10.33264887063655
,,,,,,,,,,,,,,,,,,,,,,,,,,,,,,,,,,,,,
"Onque, Jasmine",10121,0,0,0,1,6,3,0,63051,0,3,Area Sales Manager,FL,33174,1990-05-11,F,Single,US Citizen,Yes,White,2013-09-30,,N/A-StillEmployed,Active,Sales,Lynn Daneault,21.0,Indeed,Fully Meets,4.28,3,0,2019-01-25,0,1,34.220396988364136,10.830937713894592
"Osturnka, Adeel",10021,1,1,1,1,5,4,0,47414,0,19,Production Technician I,MA,2478,1976-12-11,M ,Married,US Citizen,No,White,2013-09-30,,N/A-StillEmployed,Active,Production       ,Kelley Spirea,18.0,LinkedIn,Exceeds,5.0,3,0,2019-02-07,0,13,47.6331279945243,10.830937713894592
"Owad, Clinton",10281,0,0,1,1,5,2,0,53060,0,19,Production Technician I,MA,1760,1979-11-24,M ,Single,US Citizen,No,Black Or African American,2014-02-17,,N/A-StillEmployed,Active,Production       ,Michael Albert,22.0,LinkedIn,Needs Improvement,4.25,3,0,2019-02-04,4,6,44.681724845995895,10.447638603696099
"Ozark, Travis",10041,0,0,1,1,6,3,0,68829,0,3,Area Sales Manager,NC,27229,1982-05-19,M ,Single,US Citizen,No,White,2015-01-05,,N/A-StillEmployed,Active,Sales,John Smith,17.0,Website,Fully Meets,5.0,5,0,2019-01-14,0,18,42.19849418206708,9.566050650239562
"Panjwani, Nina",10148,1,1,0,5,5,3,0,63515,1,19,Production Technician I,MA,2351,1979-05-01,F,Married,US Citizen,No,White,2011-02-07,2014-01-12,Another position,Voluntarily Terminated,Production       ,Elijiah Gray,16.0,Google Search,Fully Meets,3.89,4,0,2013-03-04,0,7,45.24845995893224,13.475701574264203
"Patronick, Lucas",10005,0,0,1,5,4,4,1,108987,1,24,Software Engineer,MA,1844,1979-02-20,M ,Single,US Citizen,No,Black Or African American,2011-11-07,2015-09-07,Another position,Voluntarily Terminated,Software Engineering,Alex Sweetwater,10.0,Diversity Job Fair,Exceeds,5.0,5,3,2015-08-16,0,13,45.440109514031484,12.728268309377139
"Pearson, Randall",10259,1,1,1,5,3,3,0,93093,1,9,Data Analyst,MA,2747,1984-09-05,M ,Married,US Citizen,No,White,2014-12-01,2016-05-01,performance,Voluntarily Terminated,IT/IS,Simon Roup,4.0,Employee Referral,Fully Meets,4.7,4,5,2016-01-16,0,19,39.898699520876114,9.661875427789186
"Smith, Martin",10286,0,0,1,5,5,2,0,53564,1,19,Production Technician I,MA,2458,1988-03-17,M ,Single,US Citizen,No,Black Or African American,2011-01-10,2017-12-28,career change,Voluntarily Terminated,Production       ,Webster Butler,39.0,Google Search,Needs Improvement,3.54,5,0,2017-04-06,4,15,36.369609856262834,13.552361396303901
"Pelletier, Ermine",10297,1,1,0,5,5,2,0,60270,1,20,Production Technician II,MA,2472,1989-07-18,F,Married,US Citizen,No,Asian,2011-07-05,2015-09-15,unhappy,Voluntarily Terminated,Production       ,Amy Dunn,11.0,CareerBuilder,Needs Improvement,2.4,5,0,2015-02-06,5,2,35.03353867214237,13.070499657768652
"Perry, Shakira",10171,0,0,0,5,5,3,0,45998,1,19,Production Technician I,MA,2176,1986-07-20,F,Single,US Citizen,No,White,2011-05-16,2015-10-25,medical issues,Voluntarily Terminated,Production       ,Amy Dunn,11.0,LinkedIn,Fully Meets,3.45,4,0,2014-05-13,0,5,38.02874743326489,13.207392197125257
"Peters, Lauren",10032,1,1,0,5,5,4,0,57954,1,20,Production Technician II,MA,1886,1986-08-17,F,Married,US Citizen,No,White,2011-05-16,2013-02-04,more money,Voluntarily Terminated,Production       ,Ketsia Liebig,19.0,Indeed,Exceeds,4.2,5,0,2013-01-10,0,12,37.95208761122519,13.207392197125257
"Peterson, Ebonee  ",10130,1,1,0,5,5,3,0,74669,1,18,Production Manager,MA,2030,1977-05-09,F,Married,US Citizen,No,White,2010-10-25,2016-05-18,Another position,Voluntarily Terminated,Production       ,Janet King,2.0,Indeed,Fully Meets,4.16,5,0,2015-03-05,0,6,47.22518822724162,13.763175906913073
"Petingill, Shana  ",10217,1,1,0,1,5,3,0,74226,0,20,Production Technician II,MA,2050,1979-03-10,F,Married,Eligible NonCitizen,No,Asian,2012-04-02,,N/A-StillEmployed,Active,Production       ,Brannon Miller,12.0,LinkedIn,Fully Meets,4.3,3,0,2019-01-14,0,14,45.39082819986311,12.32580424366872
"Petrowsky, Thelma",10016,1,1,0,1,3,4,0,93554,0,9,Data Analyst,MA,1886,1984-09-16,F,Married,US Citizen,No,Black Or African American,2014-11-10,,N/A-StillEmployed,Active,IT/IS,Simon Roup,4.0,Employee Referral,Exceeds,4.6,5,7,2019-01-04,0,16,39.86858316221766,9.71937029431896
"Pham, Hong",10050,1,1,1,5,5,3,0,64724,1,19,Production Technician I,MA,2451,1988-03-06,M ,Married,US Citizen,No,Asian,2011-07-05,2012-11-30,more money,Voluntarily Terminated,Production       ,Brannon Miller,12.0,Google Search,Fully Meets,5.0,3,0,2012-02-20,0,13,36.39972621492129,13.070499657768652
"Pitt, Brad ",10164,0,0,1,1,5,3,0,47001,0,19,Production Technician I,MA,2451,1981-11-23,M ,Single,US Citizen,No,White,2007-11-05,,N/A-StillEmployed,Active,Production       ,David Stanley,14.0,Google Search,Fully Meets,3.66,3,0,2019-02-25,0,15,42.68309377138946,16.733744010951405
"Potts, Xana",10124,1,1,0,1,6,3,0,61844,0,3,Area Sales Manager,KY,40220,1988-08-29,F,Married,US Citizen,No,Black Or African American,2012-01-09,,N/A-StillEmployed,Active,Sales,Lynn Daneault,21.0,Website,Fully Meets,4.2,5,0,2019-02-01,0,9,35.917864476386036,12.555783709787816
"Power, Morissa",10187,0,2,0,5,5,3,0,46799,1,19,Production Technician I,MA,1742,1984-10-15,F,Divorced,Eligible NonCitizen,No,Asian,2011-05-16,2018-06-04,Another position,Voluntarily Terminated,Production       ,Kissy Sullivan,20.0,Google Search,Fully Meets,3.17,4,0,2018-04-02,0,14,39.78918548939083,13.207392197125257
,,,,,,,,,,,,,,,,,,,,,,,,,,,,,,,,,,,,,
,,,,,,,,,,,,,,,,,,,,,,,,,,,,,,,,,,,,,
"Quinn, Sean",10131,1,1,1,5,1,3,1,83363,1,23,Software Engineer,MA,2045,1984-11-06,M ,Married,Eligible NonCitizen,No,Black Or African American,2011-02-21,2015-08-15,career change,Voluntarily Terminated,Software Engineering,Janet King,2.0,Diversity Job Fair,Fully Meets,4.15,4,0,2014-04-19,0,4,39.728952772073924,13.437371663244353
"Rachael, Maggie",10239,1,1,0,1,3,3,0,95920,0,4,BI Developer,MA,2110,1980-05-12,F,Married,US Citizen,No,Black Or African American,2016-10-02,,N/A-StillEmployed,Active,IT/IS,Brian Champaigne,13.0,Indeed,Fully Meets,4.4,4,6,2019-02-06,0,10,44.21629021218344,7.824777549623546
"Rarrick, Quinn",10152,0,2,1,5,5,3,0,61729,1,19,Production Technician I,MA,2478,1984-12-31,M ,Divorced,US Citizen,No,White,2011-09-26,2018-04-07,more money,Voluntarily Terminated,Production       ,Michael Albert,22.0,Indeed,Fully Meets,3.8,5,0,2018-02-04,0,19,39.578370978781656,12.843258042436688
,,,,,,,,,,,,,,,,,,,,,,,,,,,,,,,,,,,,,
"Rhoads, Thomas",10058,0,2,1,5,5,3,0,45115,1,19,Production Technician I,MA,2176,1982-07-22,M ,Divorced,US Citizen,Yes,White,2011-05-16,2016-01-15,retiring,Voluntarily Terminated,Production       ,Elijiah Gray,16.0,LinkedIn,Fully Meets,5.0,4,0,2015-03-30,0,11,42.02327173169062,13.207392197125257
,,,,,,,,,,,,,,,,,,,,,,,,,,,,,,,,,,,,,
"Roberson, May",10230,0,2,0,5,5,3,0,64971,1,20,Production Technician II,MA,1902,1981-09-05,F,Divorced,Eligible NonCitizen,No,Black Or African American,2011-09-26,2011-10-22,return to school,Voluntarily Terminated,Production       ,David Stanley,14.0,Google Search,Fully Meets,4.5,4,0,2011-10-22,0,10,42.899383983572896,12.843258042436688
,,,,,,,,,,,,,,,,,,,,,,,,,,,,,,,,,,,,,
"Robinson, Alain  ",10047,1,1,1,5,5,3,0,50428,1,19,Production Technician I,MA,1420,1974-01-07,M ,Married,US Citizen,No,Black Or African American,2011-01-10,2016-01-26,attendance,Voluntarily Terminated,Production       ,Amy Dunn,11.0,Indeed,Fully Meets,5.0,3,0,2015-01-10,0,11,50.559890485968516,13.552361396303901
"Robinson, Cherly",10285,1,1,0,4,5,2,0,61422,1,19,Production Technician I,MA,1460,1985-01-07,F,Married,US Citizen,No,White,2011-01-10,2016-05-17,attendance,Terminated for Cause,Production       ,Ketsia Liebig,19.0,Indeed,Needs Improvement,3.6,3,0,2016-04-05,4,16,39.559206023271734,13.552361396303901
"Robinson, Elias",10020,0,4,1,1,5,4,0,63353,0,19,Production Technician I,MA,1730,1985-01-28,M ,Widowed,US Citizen,No,White,2013-07-08,,N/A-StillEmployed,Active,Production       ,Brannon Miller,12.0,Employee Referral,Exceeds,3.6,5,0,2019-02-11,0,4,39.501711156741955,11.06091718001369
"Roby, Lori ",10162,1,1,0,1,3,3,0,89883,0,9,Data Analyst,MA,1886,1981-10-11,F,Married,US Citizen,No,White,2015-02-16,,N/A-StillEmployed,Active,IT/IS,Simon Roup,4.0,Employee Referral,Fully Meets,3.69,5,6,2019-02-14,0,15,42.80082135523614,9.451060917180014
,,,,,,,,,,,,,,,,,,,,,,,,,,,,,,,,,,,,,
,,,,,,,,,,,,,,,,,,,,,,,,,,,,,,,,,,,,,
"Rose, Ashley  ",10054,0,3,0,1,5,3,0,60627,0,19,Production Technician I,MA,1886,1974-12-05,F,Separated,US Citizen,No,White,2014-01-06,,N/A-StillEmployed,Active,Production       ,David Stanley,14.0,Website,Fully Meets,5.0,4,0,2019-01-31,0,8,49.65092402464066,10.562628336755647
"Rossetti, Bruno",10065,0,0,1,5,5,3,0,53180,1,19,Production Technician I,MA,2155,1987-03-18,M ,Single,US Citizen,No,White,2011-04-04,2018-08-13,Another position,Voluntarily Terminated,Production       ,Kissy Sullivan,20.0,Google Search,Fully Meets,5.0,5,0,2018-07-02,0,4,37.36892539356605,13.322381930184806
,,,,,,,,,,,,,,,,,,,,,,,,,,,,,,,,,,,,,
,,,,,,,,,,,,,,,,,,,,,,,,,,,,,,,,,,,,,
"Saada, Adell",10126,1,1,0,1,4,3,0,86214,0,24,Software Engineer,MA,2132,1986-07-24,F,Married,US Citizen,No,White,2012-11-05,,N/A-StillEmployed,Active,Software Engineering,Alex Sweetwater,10.0,Indeed,Fully Meets,4.2,3,6,2019-02-13,0,2,38.01779603011636,11.731690622861054
,,,,,,,,,,,,,,,,,,,,,,,,,,,,,,,,,,,,,
"Sadki, Nore  ",10260,0,0,1,5,5,3,0,46428,1,19,Production Technician I,MA,2148,1974-12-21,M ,Single,US Citizen,No,White,2009-01-05,2018-07-30,relocation out of area,Voluntarily Terminated,Production       ,Michael Albert,22.0,Google Search,Fully Meets,4.6,5,0,2018-02-05,0,7,49.607118412046546,15.564681724845997
"Sahoo, Adil",10233,1,1,1,1,5,3,0,57975,0,20,Production Technician II,MA,2062,1986-04-26,M ,Married,US Citizen,No,White,2010-08-30,,N/A-StillEmployed,Active,Production       ,Kelley Spirea,18.0,CareerBuilder,Fully Meets,4.1,3,0,2019-01-10,0,13,38.261464750171115,13.91649555099247
"Salter, Jason",10229,0,2,1,5,3,3,0,88527,1,9,Data Analyst ,MA,2452,1987-12-17,M ,Divorced,US Citizen,No,Black Or African American,2015-01-05,2015-10-31,hours,Voluntarily Terminated,IT/IS,Simon Roup,4.0,LinkedIn,Fully Meets,4.2,3,5,2015-04-20,0,2,36.61875427789185,9.566050650239562
"Sander, Kamrin",10169,1,1,0,1,5,3,0,56147,0,19,Production Technician I,MA,2154,1988-07-10,F,Married,US Citizen,No,Black Or African American,2014-09-29,,N/A-StillEmployed,Active,Production       ,Elijiah Gray,16.0,LinkedIn,Fully Meets,3.51,3,0,2019-02-18,0,2,36.054757015742645,9.834360027378509
"Sewkumar, Nori",10071,0,0,0,3,5,3,0,50923,0,19,Production Technician I,MA,2191,1975-03-10,F,Single,US Citizen,No,Asian,2013-09-30,,N/A-StillEmployed,Active,Production       ,Webster Butler,-1.0,Google Search,Fully Meets,5.0,5,0,2019-02-06,0,14,49.39082819986311,10.830937713894592
"Shepard, Anita ",10179,1,1,0,1,3,3,0,50750,0,15,Network Engineer,MA,1773,1981-04-14,F,Married,US Citizen,No,White,2014-09-30,,N/A-StillEmployed,Active,IT/IS,Peter Monroe,7.0,LinkedIn,Fully Meets,3.31,3,6,2019-01-07,0,7,43.29363449691992,9.831622176591376
"Shields, Seffi",10091,1,1,0,1,5,3,0,52087,0,19,Production Technician I,MA,2149,1985-08-24,F,Married,US Citizen,No,White,2013-08-19,,N/A-StillEmployed,Active,Production       ,Amy Dunn,11.0,LinkedIn,Fully Meets,4.81,4,0,2019-02-15,0,15,38.93223819301848,10.94592744695414
,,,,,,,,,,,,,,,,,,,,,,,,,,,,,,,,,,,,,
"Singh, Nan ",10039,0,0,0,1,1,3,0,51920,0,2,Administrative Assistant,MA,2330,1988-05-19,F,Single,US Citizen,No,White,2015-05-01,,N/A-StillEmployed,Active,Admin Offices,Brandon R. LeBlanc,1.0,Website,Fully Meets,5.0,3,5,2019-01-15,0,2,36.19712525667351,9.248459958932239
"Sloan, Constance",10095,0,0,0,5,5,3,0,63878,1,20,Production Technician II,MA,1851,1987-11-25,F,Single,US Citizen,No,White,2009-10-26,2015-04-08,maternity leave - did not return,Voluntarily Terminated,Production       ,Michael Albert,22.0,CareerBuilder,Fully Meets,4.68,4,0,2015-04-02,0,20,36.67898699520876,14.759753593429158
,,,,,,,,,,,,,,,,,,,,,,,,,,,,,,,,,,,,,
"Smith, John",10291,0,2,1,1,6,2,1,72992,0,21,Sales Manager,MA,1886,1984-08-16,M ,Divorced,US Citizen,No,Black Or African American,2014-05-18,,N/A-StillEmployed,Active,Sales,Debra Houlihan,15.0,Diversity Job Fair,Needs Improvement,2.4,4,0,2019-01-16,2,16,39.95345653661875,10.20123203285421
"Smith, Leigh Ann",10153,1,1,0,5,1,3,1,55000,1,2,Administrative Assistant,MA,1844,1987-06-14,F,Married,US Citizen,No,Black Or African American,2011-09-26,2013-09-25,career change,Voluntarily Terminated,Admin Offices,Brandon R. LeBlanc,1.0,Diversity Job Fair,Fully Meets,3.8,4,4,2013-08-15,0,17,37.12799452429842,12.843258042436688
,,,,,,,,,,,,,,,,,,,,,,,,,,,,,,,,,,,,,
,,,,,,,,,,,,,,,,,,,,,,,,,,,,,,,,,,,,,
"Soze, Keyser",10180,1,1,1,2,3,3,0,87565,0,28,Sr. Network Engineer,MA,1545,1983-02-09,M ,Married,US Citizen,No,Asian,2016-06-30,,N/A-StillEmployed,Active,IT/IS,Peter Monroe,7.0,LinkedIn,Fully Meets,3.27,4,5,2019-01-14,0,13,41.47022587268994,8.082135523613964
,,,,,,,,,,,,,,,,,,,,,,,,,,,,,,,,,,,,,
"Spirea, Kelley",10090,1,1,0,1,5,3,0,65714,0,18,Production Manager,MA,2451,1975-09-30,F,Married,US Citizen,No,White,2012-10-02,,N/A-StillEmployed,Active,Production       ,Janet King,2.0,LinkedIn,Fully Meets,4.83,5,0,2019-02-14,0,15,48.832306639288156,11.824777549623546
,,,,,,,,,,,,,,,,,,,,,,,,,,,,,,,,,,,,,
"Stanford,Barbara  M",10278,0,2,0,1,5,3,0,47961,0,19,Production Technician I,MA,2050,1982-08-25,F,Divorced,US Citizen,No,Two Or More Races,2011-01-10,,N/A-StillEmployed,Active,Production       ,Kissy Sullivan,20.0,Google Search,Fully Meets,4.1,4,0,2019-02-07,0,9,41.93018480492813,13.552361396303901
"Stansfield, Norman",10307,1,1,1,1,6,1,0,58273,0,3,Area Sales Manager,NV,89139,1974-05-09,M ,Married,US Citizen,No,White,2014-05-12,,N/A-StillEmployed,Active,Sales,Lynn Daneault,21.0,Website,PIP,1.81,2,0,2019-01-17,3,5,50.2258726899384,10.217659137577002
"Steans, Tyrone  ",10147,0,0,1,1,1,3,0,63003,0,1,Accountant I,MA,2703,1986-09-01,M ,Single,US Citizen,No,White,2014-09-29,,N/A-StillEmployed,Active,Admin Offices,Brandon R. LeBlanc,1.0,Indeed,Fully Meets,3.9,5,5,2019-01-18,0,9,37.91101984941821,9.834360027378509
"Stoica, Rick",10266,1,1,1,1,5,3,0,61355,0,19,Production Technician I,MA,2301,1985-03-14,M ,Married,US Citizen,No,Asian,2014-02-17,,N/A-StillEmployed,Active,Production       ,Kelley Spirea,18.0,LinkedIn,Fully Meets,4.7,3,0,2019-01-11,0,4,39.37850787132101,10.447638603696099
"Strong, Caitrin",10241,1,1,0,1,6,3,0,60120,0,3,Area Sales Manager,MT,59102,1989-05-12,F,Married,US Citizen,No,Black Or African American,2010-09-27,,N/A-StillEmployed,Active,Sales,John Smith,17.0,Indeed,Fully Meets,4.1,4,0,2019-01-31,0,18,35.21697467488022,13.839835728952773
"Sullivan, Kissy ",10158,1,1,0,1,5,3,0,63682,0,18,Production Manager,MA,1776,1978-03-28,F,Married,US Citizen,No,Black Or African American,2009-01-08,,N/A-StillEmployed,Active,Production       ,Janet King,2.0,Indeed,Fully Meets,3.73,4,0,2019-01-24,0,12,46.340862422997944,15.5564681724846
"Sullivan, Timothy",10117,1,1,1,1,5,3,0,63025,0,19,Production Technician I,MA,2747,1982-10-07,M ,Married,US Citizen,Yes,White,2015-01-05,,N/A-StillEmployed,Active,Production       ,Michael Albert,22.0,Google Search,Fully Meets,4.36,5,0,2019-01-24,0,10,41.81245722108145,9.566050650239562
,,,,,,,,,,,,,,,,,,,,,,,,,,,,,,,,,,,,,
"Szabo, Andrew",10024,0,0,1,1,4,4,0,92989,0,24,Software Engineer,MA,2140,1983-05-06,M ,Single,US Citizen,No,White,2014-07-07,,N/A-StillEmployed,Active,Software Engineering,Alex Sweetwater,10.0,LinkedIn,Exceeds,4.5,5,5,2019-02-18,0,1,41.23477070499658,10.064339493497604
"Tannen, Biff",10173,1,1,1,1,3,3,0,90100,0,4,BI Developer,MA,2134,1987-10-24,M ,Married,US Citizen,No,White,2017-04-20,,N/A-StillEmployed,Active,IT/IS,Brian Champaigne,13.0,Indeed,Fully Meets,3.4,3,6,2019-01-02,0,14,36.766598220396986,7.277207392197125
"Tavares, Desiree  ",10221,1,1,0,5,5,3,1,60754,1,19,Production Technician I,MA,1801,1975-04-03,F,Married,Non-Citizen,No,Black Or African American,2009-04-27,2013-04-01,Another position,Voluntarily Terminated,Production       ,Webster Butler,39.0,Diversity Job Fair,Fully Meets,4.5,5,0,2012-02-15,0,11,49.32511978097194,15.2580424366872
,,,,,,,,,,,,,,,,,,,,,,,,,,,,,,,,,,,,,
,,,,,,,,,,,,,,,,,,,,,,,,,,,,,,,,,,,,,
,,,,,,,,,,,,,,,,,,,,,,,,,,,,,,,,,,,,,
"Thibaud, Kenneth",10268,0,4,1,5,5,3,0,67176,1,20,Production Technician II,MA,2472,1975-09-16,M ,Widowed,US Citizen,No,White,2007-06-25,2010-08-30,military,Voluntarily Terminated,Production       ,Webster Butler,39.0,Other,Fully Meets,4.1,4,0,2010-07-14,0,15,48.87063655030801,17.097878165639973
,,,,,,,,,,,,,,,,,,,,,,,,,,,,,,,,,,,,,
,,,,,,,,,,,,,,,,,,,,,,,,,,,,,,,,,,,,,
"Trang, Mei",10287,0,0,0,1,5,2,0,63025,0,19,Production Technician I,MA,2021,1983-05-16,F,Single,US Citizen,No,White,2014-02-17,,N/A-StillEmployed,Active,Production       ,David Stanley,14.0,LinkedIn,Needs Improvement,2.44,5,0,2019-02-11,4,18,41.20739219712526,10.447638603696099
"Tredinnick, Neville ",10044,1,1,1,5,3,3,0,75281,1,15,Network Engineer,MA,1420,1988-05-05,M ,Married,US Citizen,No,White,2015-01-05,2016-02-12,medical issues,Voluntarily Terminated,IT/IS,Peter Monroe,7.0,CareerBuilder,Fully Meets,5.0,3,5,2015-04-15,0,11,36.23545516769336,9.566050650239562
"True, Edward",10102,0,0,1,5,4,3,1,100416,1,24,Software Engineer,MA,2451,1983-06-14,M ,Single,Non-Citizen,No,Black Or African American,2013-02-18,2018-04-15,medical issues,Voluntarily Terminated,Software Engineering,Alex Sweetwater,10.0,Diversity Job Fair,Fully Meets,4.6,3,4,2017-02-12,0,9,41.12799452429842,11.444216290212184
"Trzeciak, Cybil",10270,0,0,0,5,5,3,0,74813,1,20,Production Technician II,MA,1778,1985-03-15,F,Single,US Citizen,No,White,2011-01-10,2014-07-02,unhappy,Voluntarily Terminated,Production       ,Amy Dunn,11.0,LinkedIn,Fully Meets,4.4,3,0,2014-01-05,0,5,39.37577002053388,13.552361396303901
,,,,,,,,,,,,,,,,,,,,,,,,,,,,,,,,,,,,,
"Valentin,Jackie",10205,1,1,0,1,6,3,0,57859,0,3,Area Sales Manager,AZ,85006,1991-05-23,F,Married,US Citizen,No,Two Or More Races,2011-07-05,,N/A-StillEmployed,Active,Sales,John Smith,17.0,Indeed,Fully Meets,2.81,3,0,2019-01-17,0,16,33.18822724161533,13.070499657768652
"Veera, Abdellah ",10014,0,2,1,5,5,4,0,58523,1,19,Production Technician I,MA,2171,1987-01-31,M ,Divorced,US Citizen,No,White,2012-08-13,2016-02-05,maternity leave - did not return,Voluntarily Terminated,Production       ,Kissy Sullivan,20.0,LinkedIn,Exceeds,4.5,5,0,2016-02-01,0,15,37.49486652977413,11.961670088980151
,,,,,,,,,,,,,,,,,,,,,,,,,,,,,,,,,,,,,
"Villanueva, Noah",10253,0,0,1,1,6,3,0,55875,0,3,Area Sales Manager,ME,4063,1989-07-11,M ,Single,US Citizen,No,Asian,2012-03-05,,N/A-StillEmployed,Active,Sales,John Smith,17.0,Website,Fully Meets,4.5,4,0,2019-01-18,0,11,35.05270362765229,12.402464065708418
"Voldemort, Lord",10118,1,1,1,4,3,3,0,113999,1,8,Database Administrator,MA,1960,1986-08-07,M ,Married,US Citizen,No,Black Or African American,2015-02-16,2017-02-22,"no-call, no-show",Terminated for Cause,IT/IS,Simon Roup,4.0,Employee Referral,Fully Meets,4.33,3,7,2017-02-15,0,9,37.97946611909651,9.451060917180014
"Volk, Colleen",10022,1,1,0,4,5,4,0,49773,1,19,Production Technician I,MA,2747,1986-06-03,F,Married,US Citizen,No,White,2011-09-26,2016-02-08,gross misconduct,Terminated for Cause,Production       ,Kelley Spirea,18.0,Google Search,Exceeds,4.3,5,0,2015-02-01,0,18,38.157426420260094,12.843258042436688
"Von Massenbach, Anna",10183,0,0,0,2,5,3,0,62068,0,19,Production Technician I,MA,2124,1985-04-06,F,Single,US Citizen,No,White,2015-07-05,,N/A-StillEmployed,Active,Production       ,Michael Albert,22.0,LinkedIn,Fully Meets,3.21,3,0,2019-01-29,0,7,39.31553730321698,9.070499657768652
"Walker, Roger",10190,0,0,1,1,5,3,0,66541,0,20,Production Technician II,MA,2459,1976-02-10,M ,Single,US Citizen,No,Black Or African American,2014-08-18,,N/A-StillEmployed,Active,Production       ,Ketsia Liebig,19.0,Employee Referral,Fully Meets,3.11,5,0,2019-02-12,0,4,48.46817248459959,9.949349760438055
,,,,,,,,,,,,,,,,,,,,,,,,,,,,,,,,,,,,,
"Wallace, Theresa",10293,0,0,0,5,5,2,0,50274,1,19,Production Technician I,MA,1887,1980-08-02,F,Single,US Citizen,No,White,2012-08-13,2015-09-01,career change,Voluntarily Terminated,Production       ,Elijiah Gray,16.0,CareerBuilder,Needs Improvement,2.5,3,0,2014-09-05,6,13,43.9917864476386,11.961670088980151
"Wang, Charlie",10172,0,0,1,1,3,3,0,84903,0,22,Senior BI Developer,MA,1887,1981-07-08,M ,Single,US Citizen,No,Asian,2017-02-15,,N/A-StillEmployed,Active,IT/IS,Brian Champaigne,13.0,Indeed,Fully Meets,3.42,4,7,2019-01-04,0,17,43.06091718001369,7.452429842573579
"Warfield, Sarah",10127,0,4,0,1,3,3,0,107226,0,28,Sr. Network Engineer,MA,2453,1978-05-02,F,Widowed,US Citizen,No,Asian,2015-03-30,,N/A-StillEmployed,Active,IT/IS,Peter Monroe,7.0,Employee Referral,Fully Meets,4.2,4,8,2019-02-05,0,7,46.24503764544832,9.336071184120465
"Whittier, Scott",10072,0,0,1,5,5,3,0,58371,1,19,Production Technician I,MA,2030,1987-05-24,M ,Single,US Citizen,Yes,White,2011-01-10,2014-05-15,hours,Voluntarily Terminated,Production       ,Webster Butler,39.0,LinkedIn,Fully Meets,5.0,5,0,2014-05-15,0,11,37.1854893908282,13.552361396303901
,,,,,,,,,,,,,,,,,,,,,,,,,,,,,,,,,,,,,
"Wilkes, Annie",10204,0,2,0,5,5,3,0,58062,1,19,Production Technician I,MA,1876,1983-07-30,F,Divorced,US Citizen,No,White,2011-01-10,2012-05-14,Another position,Voluntarily Terminated,Production       ,Ketsia Liebig,19.0,Google Search,Fully Meets,3.6,5,0,2011-02-06,0,9,41.002053388090346,13.552361396303901
,,,,,,,,,,,,,,,,,,,,,,,,,,,,,,,,,,,,,
,,,,,,,,,,,,,,,,,,,,,,,,,,,,,,,,,,,,,
"Wolk, Hang  T",10174,0,0,0,1,5,3,0,60446,0,20,Production Technician II,MA,2302,1985-04-20,F,Single,US Citizen,No,White,2014-09-29,,N/A-StillEmployed,Active,Production       ,David Stanley,14.0,LinkedIn,Fully Meets,3.4,4,0,2019-02-21,0,14,39.27720739219713,9.834360027378509
"Woodson, Jason",10135,0,0,1,1,5,3,0,65893,0,20,Production Technician II,MA,1810,1985-05-11,M ,Single,US Citizen,No,White,2014-07-07,,N/A-StillEmployed,Active,Production       ,Kissy Sullivan,20.0,LinkedIn,Fully Meets,4.07,4,0,2019-02-28,0,13,39.219712525667354,10.064339493497604
"Ybarra, Catherine ",10301,0,0,0,5,5,1,0,48513,1,19,Production Technician I,MA,2458,1982-05-04,F,Single,US Citizen,No,Asian,2008-09-02,2015-09-29,Another position,Voluntarily Terminated,Production       ,Brannon Miller,12.0,Google Search,PIP,3.2,2,0,2015-09-02,5,4,42.23956194387406,15.906913073237508
"Zamora, Jennifer",10010,0,0,0,1,3,4,0,220450,0,6,CIO,MA,2067,1979-08-30,F,Single,US Citizen,No,White,2010-04-10,,N/A-StillEmployed,Active,IT/IS,Janet King,2.0,Employee Referral,Exceeds,4.6,5,6,2019-02-21,0,16,44.917180013689254,14.30527036276523
"Zhou, Julia",10043,0,0,0,1,3,3,0,89292,0,9,Data Analyst,MA,2148,1979-02-24,F,Single,US Citizen,No,White,2015-03-30,,N/A-StillEmployed,Active,IT/IS,Simon Roup,4.0,Employee Referral,Fully Meets,5.0,3,5,2019-02-01,0,11,45.42915811088296,9.336071184120465
"Zima, Colleen",10271,0,4,0,1,5,3,0,45046,0,19,Production Technician I,MA,1730,1978-08-17,F,Widowed,US Citizen,No,Asian,2014-09-29,,N/A-StillEmployed,Active,Production       ,David Stanley,14.0,LinkedIn,Fully Meets,4.5,5,0,2019-01-30,0,2,45.95208761122519,9.834360027378509
